date,issue_number,game_pk,away,home,final_score,wins,losses,pushes,net_units,roi_pct,graded_at_utc
2026-09-29,1201,849851,Boston Red Sox,New York Yankees,0-9,3,0,0,3.6229,120.76,2026-10-07T14:19:42+00:00
2026-09-29,1210,849851,Boston Red Sox,New York Yankees,0-9,2,0,0,1.5764,78.82,2026-10-07T14:19:41+00:00
2026-09-29,1222,849851,Boston Red Sox,New York Yankees,0-9,3,0,0,3.6229,120.76,2026-10-07T14:19:39+00:00
2026-09-29,1224,849843,Chicago Cubs,San Diego Padres,0-8,9,10,0,0.4229,2.23,2026-10-07T14:19:38+00:00
2026-09-29,1229,849843,Chicago Cubs,San Diego Padres,0-8,9,8,0,0.5429,3.19,2026-10-07T14:19:37+00:00
2026-09-29,1231,849843,Chicago Cubs,San Diego Padres,0-8,9,7,0,1.6879,10.55,2026-10-07T14:19:36+00:00
2026-09-29,1232,849843,Chicago Cubs,San Diego Padres,0-8,9,7,0,1.6879,10.55,2026-10-07T14:19:34+00:00
2026-09-29,1233,849843,Chicago Cubs,San Diego Padres,0-8,9,7,0,1.6879,10.55,2026-10-07T14:19:33+00:00
2026-09-29,1235,849843,Chicago Cubs,San Diego Padres,0-8,9,7,0,1.6879,10.55,2026-10-07T14:19:32+00:00
2026-09-29,1239,849843,Chicago Cubs,San Diego Padres,0-8,1,0,0,0.9804,98.04,2026-10-07T14:19:31+00:00
2026-09-30,1256,849841,Philadelphia Phillies,Atlanta Braves,4-3,0,1,1,-1.0000,-50.00,2026-10-07T14:19:30+00:00
2026-09-30,1256,849846,Chicago White Sox,Houston Astros,7-3,2,0,0,2.1891,109.45,2026-10-07T14:19:30+00:00
2026-09-30,1256,849848,Boston Red Sox,New York Yankees,2-9,2,0,0,1.5417,77.09,2026-10-07T14:19:30+00:00
2026-09-30,1273,849841,Philadelphia Phillies,Atlanta Braves,4-3,2,0,0,1.7216,86.08,2026-10-07T14:19:29+00:00
2026-09-30,1273,849842,Chicago Cubs,San Diego Padres,1-4,0,2,0,-2.0000,-100.00,2026-10-07T14:19:29+00:00
2026-09-30,1273,849846,Chicago White Sox,Houston Astros,7-3,3,0,0,3.0983,103.28,2026-10-07T14:19:29+00:00
2026-09-30,1273,849848,Boston Red Sox,New York Yankees,2-9,1,1,0,-0.1803,-9.02,2026-10-07T14:19:29+00:00
2026-09-30,1286,849841,Philadelphia Phillies,Atlanta Braves,4-3,2,0,1,1.7216,57.39,2026-10-07T14:19:28+00:00
2026-09-30,1287,849846,Chicago White Sox,Houston Astros,7-3,3,0,0,3.0983,103.28,2026-10-07T14:19:27+00:00
2026-09-30,1288,849848,Boston Red Sox,New York Yankees,2-9,1,1,0,-0.1803,-9.02,2026-10-07T14:19:27+00:00
2026-09-30,1289,849842,Chicago Cubs,San Diego Padres,1-4,0,2,0,-2.0000,-100.00,2026-10-07T14:19:26+00:00
2026-09-30,1290,849846,Chicago White Sox,Houston Astros,7-3,7,0,0,7.7796,111.14,2026-10-07T14:19:26+00:00
2026-09-30,1292,849848,Boston Red Sox,New York Yankees,2-9,1,2,0,-1.1803,-39.34,2026-10-07T14:19:25+00:00
2026-09-30,1293,849848,Boston Red Sox,New York Yankees,2-9,1,2,0,-1.1803,-39.34,2026-10-07T14:19:24+00:00
2026-09-30,1294,849842,Chicago Cubs,San Diego Padres,1-4,2,7,0,-5.1808,-57.56,2026-10-07T14:19:24+00:00
2026-10-01,1309,849844,Philadelphia Phillies,Atlanta Braves,2-6,4,2,0,2.2833,38.05,2026-10-07T14:19:22+00:00
2026-10-03,1457,849828,Atlanta Braves,Los Angeles Dodgers,3-5,1,1,0,-0.1525,-7.63,2026-10-07T14:19:22+00:00
2026-10-03,1457,849830,San Diego Padres,Milwaukee Brewers,2-3,0,2,0,-2.0000,-100.00,2026-10-07T14:19:22+00:00
2026-10-03,1457,849835,New York Yankees,Tampa Bay Rays,0-1,0,2,0,-2.0000,-100.00,2026-10-07T14:19:22+00:00
2026-10-03,1460,849828,Atlanta Braves,Los Angeles Dodgers,3-5,0,1,1,-1.0000,-50.00,2026-10-07T14:19:21+00:00
2026-10-03,1460,849829,Chicago White Sox,Cleveland Guardians,3-0,1,0,0,1.2900,129.00,2026-10-07T14:19:21+00:00
2026-10-03,1460,849830,San Diego Padres,Milwaukee Brewers,2-3,0,1,0,-1.0000,-100.00,2026-10-07T14:19:21+00:00
2026-10-03,1460,849835,New York Yankees,Tampa Bay Rays,0-1,0,2,0,-2.0000,-100.00,2026-10-07T14:19:21+00:00
2026-10-03,1498,849830,San Diego Padres,Milwaukee Brewers,2-3,1,0,0,0.7937,79.37,2026-10-07T14:19:19+00:00
2026-10-06,1760,849819,Los Angeles Dodgers,Atlanta Braves,3-1,2,2,0,-0.7256,-18.14,2026-10-07T14:19:16+00:00
2026-10-06,1761,849826,Milwaukee Brewers,San Diego Padres,3-4,2,4,0,-2.2750,-37.92,2026-10-07T14:19:15+00:00
